{
  "classification_report": {
    "0": {
      "precision": 0.9964349376114082,
      "recall": 0.9163934426229509,
      "f1-score": 0.9547395388556789,
      "support": 610.0
    },
    "1": {
      "precision": 0.25,
      "recall": 0.8947368421052632,
      "f1-score": 0.39080459770114945,
      "support": 19.0
    },
    "accuracy": 0.9157392686804452,
    "macro avg": {
      "precision": 0.6232174688057042,
      "recall": 0.905565142364107,
      "f1-score": 0.6727720682784142,
      "support": 629.0
    },
    "weighted avg": {
      "precision": 0.9738876183512862,
      "recall": 0.9157392686804452,
      "f1-score": 0.937704938089485,
      "support": 629.0
    }
  },
  "confusion_matrix": [
    [
      559,
      51
    ],
    [
      2,
      17
    ]
  ],
  "roc_auc": 0.9646246764452113
}